id,unit_id,type,role,related_main_id,prompt,options,correct_index,image,audio,explanation
1,1,select_blank,main,,Version control tracks ___ to your files.,changes|nothing|only names|only size,0,,,
2,1,true_false,exercise,1,Version control shows when a change happened.,,true,,,Every recorded change carries a timestamp of when it happened.
3,1,multiple_choice,exercise,1,Which is a real VCS benefit?,Faster code|Tracks changes|Auto-fixes bugs|Skips testing,1,,,
5,1,true_false,exercise,1,Recovering deleted work is hard without version control.,,true,,,
6,1,multi_select,exercise,1,Which are real version-control benefits?,See changes|Revert versions|Auto-writes docs|Tracks authors,0|1|3,,,
7,1,select_blank,exercise,1,You can see ___ changed a file.,who|what|when|where,0,,,
8,1,select_blank,main,,Every Git ___ holds the full project history.,clone|branch|tag|remote,0,,,"This is what makes Git ""distributed"" — there's no single machine that alone holds the real history."
9,1,multiple_choice,exercise,8,What's distributed VCS's main advantage?,Less storage|Works offline|No conflicts|No server,1,,,"Because every developer gets a full copy of the repository, you can commit changes and work entirely without an internet connection until you reconnect."
10,1,true_false,exercise,8,A down server blocks Git history access.,,false,,,"Every clone already has the full history — the server going down blocks sharing, not working."
11,1,select_blank,exercise,8,Being ___ lets you commit offline.,distributed|centralized|online-only|cloud-based,0,,,"Distributed systems give every user a full copy of the repository, meaning you can record changes locally without needing constant server access."
13,1,true_false,exercise,8,Git being distributed means no shared version.,,false,,,Distributed just means everyone ALSO has a full local copy — teams can still work from one shared copy too.
14,2,code_fill,main,,Complete: set your Git username globally.,"git config --global ___ ""Ada Lovelace""|user.name",,,,"The correct option to complete the command is `user.name`, which tells Git that you are setting your identity for all future commits on this machine."
15,2,code_fill,exercise,14,Complete: set your Git email globally.,"git config --global ___ ""ada@example.com""|user.email",,,,"The key you are setting here is your user email, which Git recognizes as `user.email`. This tells Git what identity to attach to your commits."
16,2,true_false,exercise,14,"`--global` applies to every repo, not just one.",,true,,,"That's right; using `--global` sets configuration variables for your entire user account on your machine, affecting all future repositories you work in."
17,2,multiple_choice,exercise,14,What does git config `--global` set?,Name/email|File name|Branch name,0,,,"It primarily sets user-specific metadata, like your name and email address, which Git uses to identify who made the commit. It doesn't affect file or branch names."
18,2,type_answer,exercise,14,Which flag makes config apply everywhere?,--global,,,,"The `--global` flag tells Git to save this setting in your user's global configuration file, making it available across all projects on your machine."
19,2,select_blank,exercise,14,Skip the ___ flag to set locally.,`--global`|`--local`|`--system`|`--all`,0,,,"If you don't specify any scope flag at all, Git assumes you mean the current repository (local) and ignores your system or global settings for this specific project."
20,2,true_false,exercise,14,Your name and email attach to every commit.,,true,,,"Yes, Git requires you to set your name and email so that every commit is properly attributed to a specific user. This ensures a clear history of who made which changes."
21,3,code_fill,main,,Complete: turn this folder into a repo.,___ init|git,,,,"You must run the full command `git init` to initialize a folder. This action creates the hidden `.git` directory, which is where Git stores all its tracking data."
22,3,true_false,exercise,285,Running `git init` deletes any existing files in the folder.,,false,,,It only adds Git's own hidden tracking folder — your files are untouched.
23,3,multiple_choice,exercise,283,Where does Git store its own tracking data?,.git folder|Text file|Cloud,0,,,"Git keeps all of its internal metadata—including object history and configuration—within the dedicated, hidden `.git` folder inside your project directory. This folder is what makes it a repository."
24,3,true_false,exercise,285,You can run `git init` on a non-empty folder.,,true,,,True; running `git init` on an existing folder doesn't delete anything but simply sets up the necessary version control structure so that Git can begin tracking all the files already present.
26,3,type_answer,exercise,21,Which command starts a new empty repo?,git init,,,,Use `git init` when you want to start tracking a brand new folder locally; it initializes all the necessary Git files for an empty repository.
27,3,code_fill,main,,Complete: copy a remote repo locally.,git ___ https://github.com/user/repo.git|clone,,,,"The command needed is clone, as '`git clone` [URL]' downloads the entire history and structure of a remote repository to your local machine."
28,3,true_false,exercise,27,`git clone` skips the project's full history.,,false,,,"A clone brings down the entire history by default, not just a snapshot."
30,3,select_blank,exercise,27,`git clone` names your remote ___ by default.,origin|source|upstream|main,0,,,Git automatically names the primary remote connection point—the source you cloned from—as 'origin' for easy reference later on.
31,3,true_false,exercise,27,Cloning alone gives you a ready-to-commit copy.,,true,,,"Yes, cloning downloads the full history and sets up your local branch to point directly at the latest commit, making it ready for immediate work."
32,3,multiple_choice,exercise,27,Which command starts a brand-new project?,`git clone`|`git init`|git start|git new,1,,,`git init` is used when you are starting from scratch in an empty directory; `git clone` only copies a project that already exists somewhere else.
33,1,true_false,preview,1,Version control tracks changes to your files.,,true,,,"That's exactly right; version control systems record a complete history, allowing you to see who changed what and when."
34,1,true_false,preview,8,Every Git clone stores the full history.,,true,,,"Yes, when you clone a repository, you get a complete copy of all branches and the entire commit history locally."
35,2,true_false,preview,14,`--global` makes a Git setting global.,,true,,,"The `--global` flag applies the setting across all repositories on your machine, while using no flag (or `--local`) limits the setting only to the current repository you are working in."
36,3,true_false,preview,21,`git init` turns a folder into a repo.,,true,,,"Yes, running `git init` in any folder initializes it as a Git repository, allowing you to start tracking changes within that directory."
37,3,true_false,preview,27,`git clone` copies everything in a repository.,,true,,,"`git clone` copies the entire contents of an existing remote repository, including all files and the full history of commits."
38,4,true_false,preview,39,A staged change is ready to commit.,,true,,,"That's exactly right; staging is the process of selecting which changes will be included in the next snapshot, making them ready for the commit command."
39,4,multiple_choice,main,,Which Git area holds an about-to-save change?,Staging Area|Working Directory|Repository,0,,,The Staging Area acts like a waiting room—it’s where you curate and select specific changes from your Working Directory that you want to include in the upcoming commit.
40,4,true_false,exercise,39,Editing a file only changes the Working Directory at first.,,true,,,Correct. Simply editing a file only affects your local copy (the Working Directory); you must manually tell Git to track it before committing.
41,4,select_blank,exercise,39,Preparing changes move into the ___.,Staging Area|Repository|nowhere,0,,,"This action moves local file changes into the staging area, preparing them for commitment."
42,4,select_blank,exercise,39,Saving changes moves them into the ___.,Repository|Working Directory|Staging Area,0,,,Saving changes takes everything from the staging area and permanently saves it as a snapshot within the repository's history.
43,4,true_false,exercise,39,A change must be staged before it can be committed.,,true,,,That's correct. Git only commits what you explicitly tell it to track; you must manually prepare those changes before committing.
44,6,multiple_choice,exercise,64,Which command moves changes staged?,`git add`|`git commit`|`git init`,0,,,"This command takes modifications from your working directory and places them into the staging index, preparing it for a save."
45,4,true_false,exercise,39,Committing removes the file from the Working Directory.,,false,,,The file stays in your Working Directory too — commit just saves a snapshot.
46,6,order,exercise,64,Order Git's basic save flow.,Edit a file|git add|git commit,,,,"First, modify the file. Next, prepare the changes for saving. Finally, save the prepared snapshot."
47,4,multiple_choice,exercise,39,"Once committed, where does a snapshot permanently live?",Repository|Staging Area|Working Directory,0,,,"The repository is where Git stores all your permanent history; once committed, that snapshot lives forever in the repo's object database."
48,5,true_false,preview,49,`git add` stages your changes.,,true,,,"Git add moves changes from your working directory into the staging area, which is like a preparation zone for your next commit."
49,5,code_fill,main,,Complete: stage a single file.,git ___ file.txt|add,,,,You use the syntax `git add` [filename] to specifically tell Git which file you want included in the next snapshot.
50,5,true_false,exercise,49,`git add` stages only the file you name.,,true,,,"That's right; `git add` is very precise. If you run it without specifying a file, it won't stage anything by default."
51,5,select_blank,exercise,49,`git ___ file.txt` stages one file.,add|commit|init,0,,,"`add` is the command that moves changes into the staging area, preparing them to be saved in your repository history."
52,5,multiple_choice,exercise,49,Which command stages one file?,`git add`|save changes|check status,0,,,"The `git add` command is specifically designed for staging files. Remember that saving changes commits them, and checking status just shows you what's going on."
53,5,true_false,preview,54,`git status` shows which files are staged.,,true,,,"Yes, '`git status`' is the primary command used to see exactly which changes are staged and ready for commit."
54,5,multiple_choice,main,,Which command shows staged files?,`git status`|`git add`|`git log`,0,,,"'`git status`' shows you the current state of your repository, including what has been added to the staging area. '`git add`' moves files *to* the staging area, and '`git log`' tracks history."
55,5,true_false,exercise,54,`git status` changes any files.,,false,,,It only reports state — it never modifies your files.
56,5,select_blank,exercise,54,`git ___` shows what's staged.,status|add|init,0,,,"The 'status' command is designed specifically to report on the state of your working directory and staging index, telling you what has been staged."
57,5,true_false,exercise,54,`git status` shows unstaged changes too.,,true,,,Absolutely. It gives a comprehensive view by showing unstaged changes (in your working directory) alongside staged files.
58,5,true_false,preview,59,`git add` . stages every changed file.,,true,,,That's correct; using '`git add` .' is the quick way to stage all modified and new files in the current directory and its subdirectories.
59,5,code_fill,main,,Complete: stage every changed file.,git add ___|.,,,,"To stage all changes in the current directory, you use `git add .` because the dot (`.`) represents everything relative to your current location."
60,5,true_false,exercise,59,`git add` . stages just one file.,,false,,,"The . means every changed file in this folder, not just one."
61,5,multiple_choice,exercise,59,Which command stages all changes?,add .|add file|status,0,,,"The command `add `. stages every modified and new file in your repository; using just `add file` only targets a specific file, and `status` only shows what has changed."
62,5,select_blank,exercise,59,`git add` ___ stages everything.,.|file|status,0,,,`git add .` is the correct syntax because the dot (`.`) tells Git to stage all changes within the current directory structure.
63,6,true_false,preview,64,`-m` adds a commit message.,,true,,,"The `-m` flag allows you to provide a commit message directly on the command line, whereas `-a` stages modified files and `-v` shows verbose output."
64,6,code_fill,main,,Complete: commit with a message flag.,"git commit ___ ""fix bug""|-m",,,,You use `git commit -m` followed by your desired message in quotes; this structure tells Git to perform the commit action while immediately supplying the required message.
65,6,true_false,exercise,64,The `-m` flag lets you skip opening an editor.,,true,,,"Yes, using `-m ""message""` lets you provide the commit message right on the command line, bypassing the need for an interactive editor."
66,6,select_blank,exercise,64,`git commit` ___ adds a message inline.,`-m`|`-a`|`-v`,0,,,"You use `-m` to specify a commit message directly on the command line, which is much faster than opening an editor. The `-a` flag stages all modified files, while `-v` just provides verbose output."
67,6,multiple_choice,exercise,64,Which flag attaches a message to commit?,`-m`|`-a`|`-v`,0,,,"The `-m` flag is specifically designed to allow you to pass a commit message directly as an argument. Flags like `-a` handle file staging, not messaging."
68,6,true_false,preview,69,Commit messages should use the imperative mood.,,true,,,"This means writing it as if you are giving an instruction, such as ""Fix bug X"" rather than ""Fixed bug X."" It makes the commit history read like a set of commands."
69,6,select_blank,main,,Good commit messages use the ___ mood.,imperative|passive|past|future,0,,,"The imperative mood is best because it frames your commit as a direct instruction to the codebase, like ""Add feature X"" rather than describing what was done."
70,6,multiple_choice,exercise,69,Which is a well-written commit message?,Fix login|Fixed bug|Fixing stuff,0,,,"Good commit messages should be written in the imperative mood, acting like a command. 'Fix login' tells Git what it will do, while 'Fixed bug' is past tense."
71,6,true_false,exercise,69,"""Fixed the login bug"" is imperative mood.",,false,,,"Imperative mood reads like a command: ""Fix"", not ""Fixed"" or ""Fixing""."
72,6,select_blank,exercise,69,"Write messages in ___ mood, like a command.",imperative|passive|past,0,,,You must write messages using the imperative mood because this style makes your commit message sound like an instruction or command to the codebase.
73,7,true_false,preview,74,`git log` lists commit history.,,true,,,The specific Git command used to retrieve and display a record of all commits is `git log`. The other options are incorrect commands.
74,7,type_answer,main,,Which command lists your commit history?,git log,,,,"You use `git log` to view a complete, chronological list of every commit that has been made in your repository's history."
75,7,true_false,exercise,74,`git log` shows the newest commit first.,,true,,,"Yes, by default, Git displays commits in reverse chronological order, meaning the newest and most recent changes appear at the top of the output."
76,7,multiple_choice,exercise,74,What does `git log` NOT show by default?,Commit author|Commit date|Future commits,2,,,"Git only tracks history that has already happened, so it cannot show future commits. The author and date are fundamental pieces of information recorded when a commit is made."
77,7,select_blank,exercise,74,`git ___` lists your commit history.,log|status|diff,0,,,The `git log` command is specifically designed to display the full chronological record of your repository's commits. Use `status` to check files and `diff` to see content changes.
78,7,true_false,preview,79,`--oneline` shortens each log entry.,,true,,,"Using `--oneline` condenses each commit into a single, concise line containing only the abbreviated SHA and message. Remember that `--verbose` actually adds *more* detail, not less."
79,7,code_fill,main,,"Complete: show history, one line each.",git log ___|--oneline,,,,"To get a clean, one-line summary of your entire commit history, you must append the `--oneline` flag to the `git log` command."
80,7,true_false,exercise,79,`git log --oneline` shows less detail per commit.,,true,,,That's correct; the whole purpose of `--oneline` is to strip away extra metadata and condense the output into a single line for quick scanning.
81,7,select_blank,exercise,79,`git log` ___ shows one line per commit.,`--oneline`|`--all`|`--stat`,0,,,"Use `--oneline` because it strips away all the verbose details, showing just the short SHA and the commit message on a single line for quick scanning."
82,7,multiple_choice,exercise,79,Why use `git log --oneline`?,Scan quickly|Delete commits|Stage files,0,,,"It's perfect for scanning history because it condenses the full commit details into a single line, making it much easier to read than the default output."
83,8,true_false,preview,84,`git diff` shows unstaged changes.,,true,,,"`git diff` is specifically designed to show the differences between your working files and what Git currently expects, which are your unstaged changes. `git log` shows history, not current file modifications."
84,8,type_answer,main,,Which command shows unstaged changes?,git diff,,,,"The correct command is `git diff`; this utility compares your working directory against the index, revealing everything you haven't staged yet."
85,8,true_false,exercise,84,`git diff` shows changes line by line.,,true,,,"That is correct; `git diff` provides a highly granular, patch-style view that shows exactly which lines were added or removed."
86,8,select_blank,exercise,84,`git ___` shows unstaged line changes.,diff|log|status,0,,,"The basic `git diff` command compares your working directory to the staging area, which is exactly where unstaged line changes live. Using `git status` only tells you *if* there are changes, but doesn't show the lines themselves."
87,8,multiple_choice,exercise,84,`git diff` compares your files to what?,Last commit|Next commit|Remote server,0,,,"By default, `git diff` compares your current working files against what was committed in the last commit (HEAD). If you want to compare it to a different point, like a specific branch or tag, you must specify that reference."
88,8,true_false,preview,89,`--staged` shows only staged changes.,,true,,,Using `--staged` tells Git to compare your current files against what you have explicitly added to the staging area (the index). This is useful for checking if everything staged looks correct before committing.
89,8,code_fill,main,,Complete: diff only staged changes.,git diff ___|--staged,,,,"To see only what you've added to the index, you must run `git diff --staged`. This isolates changes that are ready to be committed but haven't been written into the commit history yet."
90,8,true_false,exercise,89,`git diff --staged` ignores unstaged changes.,,true,,,"That is correct; the `--staged` flag specifically compares your working copy to the staging area, completely bypassing any changes you made in your files that you haven't run `git add` on yet."
91,8,select_blank,exercise,89,`git diff` ___ shows only staged changes.,`--staged`|`--all`|`--log`,0,,,"Use `git diff --staged` when you only want to see what changes are currently staged for commit, as this compares the staging index against HEAD. Running just '`git diff`' will show unstaged changes in your working directory instead."
92,8,multiple_choice,exercise,89,Which shows staged-only changes?,diff `--staged`|diff|log,0,,,"You must use `git diff --staged` because it specifically compares your staging area (the index) to the last committed state, isolating only what you have added with '`git add`'."
93,9,true_false,preview,94,git restore `--staged` keeps your edits.,,true,,,This is true; `git restore --staged` simply moves files out of the staging index back into your working directory without discarding any of the edits you made.
94,9,code_fill,main,,"Complete: unstage a file, keep edits.",git restore ___ file.txt|--staged,,,,You should use git restore `--staged` <file> because this command specifically removes a file from the staging area while guaranteeing that your actual local changes remain untouched in your working directory.
95,9,true_false,exercise,94,git restore `--staged` deletes your edits.,,false,,,It only unstages — your edits stay right where they are.
96,9,select_blank,exercise,94,git restore ___ unstages a file.,`--staged`|`--all`|`--force`,0,,,"Using `git restore --staged <file>` tells Git to move the content of a file out of the staging index and back into your working copy, which is how you unstage it."
97,9,multiple_choice,exercise,94,What stays after unstaging a file?,Your edits|Nothing|The commit,0,,,"Unstaging a file moves your changes from the index back to your working directory, meaning all your local edits are preserved. The commit history or the staging area itself remains completely untouched by this action."
98,9,true_false,preview,99,git restore `file.txt` discards unstaged edits.,,true,,,"That's right; `git restore` is a destructive command that overwrites your working copy with the contents of a specified commit, discarding any local changes you made since then."
99,9,select_blank,main,,`git ___ file.txt` discards unstaged edits.,restore|reset|diff,0,,,"You need to use `git restore` because it is the modern, dedicated tool for reverting unstaged files back to their committed state. Using `reset` or `diff` will either affect commits or just show differences without discarding anything."
100,9,true_false,exercise,99,git restore `file.txt` permanently discards edits.,,true,,,"This is true because running `git restore` overwrites your local working directory files with the version stored in Git, making those specific edits effectively lost from your current workspace."
101,9,select_blank,exercise,99,git restore `file.txt` reverts to the last ___.,commit|branch|remote,0,,,"`git restore` reverts your file to match the state of the most recent commit, which is its source of truth. It doesn't use branch or remote information when performing this local rollback."
102,9,multiple_choice,exercise,99,Which command discards unstaged edits?,git restore|`git diff`|`git log`,0,,,"git restore is the command designed to discard uncommitted changes from your working directory back to what Git last tracked. While `git diff` shows you exactly what changed, it does nothing to actually undo those edits."
103,10,true_false,preview,104,`git commit --amend` replaces your last commit.,,true,,,That's right; using `--amend` rewrites history by replacing the content of your most recent commit with whatever changes you stage and commit now.
104,10,code_fill,main,,Complete: fix your most recent commit.,git commit ___|--amend,,,,"You need to use `git commit --amend` because this specific flag tells Git that you intend to modify, rather than append to, your previous commit."
105,10,true_false,exercise,104,`git commit --amend` creates a brand-new commit.,,false,,,It replaces the last commit rather than adding another one.
106,10,select_blank,exercise,104,`git commit` ___ fixes your last commit.,`--amend`|`--fix`|`--redo`,0,,,"The correct option is `--amend`, as it is the dedicated flag used to overwrite or adjust the contents of the most recent commit. The other options are not recognized flags for this action."
107,10,multiple_choice,exercise,104,What can `--amend` change?,Anything|Only files|Only remote,0,,,"`--amend` can update the commit message, the staged changes, or both at once."
108,11,true_false,preview,109,git revert creates a new commit that undoes changes.,,true,,,"This is accurate; git revert never deletes history, instead creating a new, explicit commit that reverses the changes from a specific point in time, which keeps your log clean and traceable."
109,11,multiple_choice,main,,What does git revert do?,Adds commit|Deletes it|Edits it,0,,,"It doesn't delete the commit; instead, it creates a brand new commit that contains the inverse changes of the specified commit. This method is safe because it never rewrites or deletes history."
110,11,true_false,exercise,109,git revert removes the original commit from history.,,false,,,It leaves the original commit in place and adds a new one that undoes it.
111,11,select_blank,exercise,109,`git ___` <commit> undoes it with a new commit.,revert|reset|reflog,0,,,"You use `git revert` because it specifically generates a compensating, new commit to undo the changes without rewriting any existing history. Using `reset` would move your branch pointer and potentially lose commits for everyone else."
112,11,multiple_choice,exercise,109,"After reverting one commit, how many new commits appear?",One|Two|Zero,0,,,"Since `git revert` is designed to undo changes by creating a single corrective patch, it will always introduce exactly one new commit object into your history."
113,11,true_false,preview,114,Revert is safer than reset after pushing.,,true,,,"This is true because `git revert` only adds commits, maintaining the historical record that everyone else has already pulled. Using `reset` after pushing would rewrite shared history and cause major problems for your teammates."
114,11,multiple_choice,main,,A teammate already pulled a bad commit. Safe fix?,git revert|`git reset`|Delete branch,0,,,You must use `git revert` because it creates a new compensating commit that undoes the damage without altering any of the shared history your teammate has already pulled. Using `reset` would rewrite history and break their local repository.
115,11,true_false,exercise,114,`git reset --hard` is safe on commits others already pulled.,,false,,,"It rewrites history, which breaks teammates' copies of the branch."
116,11,select_blank,exercise,114,"___ is safe for shared history, not rewriting.",Revert|Reset|Rebase,0,,,"Revert is safe for shared history because it creates a brand new commit that undoes the changes of a previous one, leaving the original history intact. Resetting or rebasing rewrite history by moving pointers, which should be avoided on public branches."
117,11,multiple_choice,exercise,114,Why is git revert safe for pushed commits?,Adds history|Deletes commits|Force-pushes,0,,,"Revert is safe because it works by creating a new commit that undoes the changes, effectively adding to the history rather than rewriting or deleting commits. This non-destructive approach makes it ideal for shared branches."
118,12,true_false,preview,119,`git reset` moves your branch pointer back.,,true,,,"This is true; `git reset` fundamentally moves your local branch's HEAD pointer back in time, allowing you to point it at any previous commit hash."
119,12,multiple_choice,main,,What does `git reset` move?,Branch pointer|Remote repo|File names,0,,,"Git reset changes the location of your local branch pointer (the HEAD), moving it backward or forward through history. It does not affect the remote repository or file names directly."
120,12,true_false,exercise,119,`git reset` can move your branch to an earlier commit.,,true,,,"Yes, that is exactly what `git reset` allows you to do; you can move your branch pointer and working directory back to any previous commit in history."
121,12,select_blank,exercise,119,`git ___` <commit> rewinds the current branch to it.,reset|revert|log,0,,,Use '`git reset`' with a commit hash when you want to move your branch pointer back in time; 'revert' just creates a new commit that undoes changes without moving history.
122,12,multiple_choice,exercise,119,"After `git reset`, what happens to later commits?",Unreachable|Deleted now|Pushed away,0,,,"They still exist briefly and can often be recovered via the reflog, but your branch no longer points at them."
123,12,true_false,preview,124,`--hard` deletes changes entirely.,,true,,,The `--hard` flag is dangerous because it not only moves the branch but also wipes out any uncommitted work and unstaged files entirely.
124,12,multiple_choice,main,,Which reset mode deletes your uncommitted changes?,`--hard`|`--soft`|`--mixed`,0,,,"Using `--hard` deletes everything—the commit history, staged changes, and working directory files—so stick to `--soft` or `--mixed` if you want to keep your work."
125,12,true_false,exercise,124,`git reset --mixed` is the default mode.,,true,,,"That's right; '`git reset --mixed`' is the default behavior when you don't specify a mode, which unstages changes but keeps them in your working directory."
126,12,select_blank,exercise,124,"`git reset` ___ keeps changes staged, ready to commit.",`--soft`|`--hard`|`--mixed`,0,,,The `--soft` flag moves the branch pointer back while keeping all files and staged changes exactly as they were before the reset.
127,12,multiple_choice,exercise,124,Which mode unstages changes but keeps your files?,`--mixed`|`--soft`|`--hard`,0,,,`--soft` keeps changes staged; `--mixed` (the default) unstages them but leaves your files as they are.
128,13,true_false,preview,129,"A branch is a movable label, not a copy.",,true,,,This is true because branches are merely lightweight pointers that reference a specific commit hash; they do not duplicate the actual files or history.
129,13,multiple_choice,main,,"What is a Git branch, really?",A label|File copy|A folder,0,,,"A branch is essentially just a movable label pointing to your current commit, which makes it incredibly efficient because Git isn't copying anything when you create one."
130,13,true_false,exercise,129,A branch copies all your project files.,,false,,,"It just points at a commit, so the files belong to the commit, not the branch."
131,13,select_blank,exercise,129,A branch points at one ___.,commit|folder|file,0,,,Branches always point specifically at a single commit hash. This commit represents the complete snapshot of all files and changes that occurred at that moment in time.
132,13,multiple_choice,exercise,129,What happens to a branch label after a commit?,Moves forward|Stays put|Disappears,0,,,"When you successfully make a new commit, Git automatically updates the branch label to point directly at that brand-new commit hash, causing it to move forward along the history line."
133,14,true_false,preview,134,Creating a branch does not switch to it.,,true,,,
134,14,code_fill,main,,Complete: create a branch called feature.,git branch ___|feature,,,,"The correct syntax requires the word 'branch' immediately after `git` and before the name you want. So, the full command is `git branch feature`. It was an older command used to switch between branches or restore files."
135,14,true_false,exercise,134,`git branch` feature switches you onto feature.,,false,,,It only creates the label; you stay on your current branch until you switch.
136,14,select_blank,exercise,134,`git ___` <name> creates a new branch.,branch|switch|commit,0,,,"The '`git branch` <name>' command simply creates the pointer to a new branch, but you need 'git switch' or '`git checkout`' to actually move your working directory onto it."
137,14,multiple_choice,exercise,134,Where does a new branch initially point?,Current commit|First commit|Nowhere,0,,,"When you create a new branch, it is initially set up to point exactly at the commit where you ran the command (the current HEAD)."
138,14,true_false,preview,139,git switch moves you onto another branch.,,true,,,That's right; 'git switch' is specifically designed to change your active branch and update your working files accordingly.
139,14,code_fill,main,,Complete: move onto the feature branch.,git switch ___|feature,,,,"You need to use 'git switch' followed by the name of the branch you want to move onto, like this: git switch feature"
140,14,true_false,exercise,139,Switching branches updates your working files.,,true,,,"Yes, switching branches is designed to update your local working directory and files so they reflect the state of that new branch."
141,14,select_blank,exercise,139,`git ___` moves you onto an existing branch.,switch|branch|commit,0,,,Use `git switch` when you just want to jump between branches without creating new ones; it's the modern command designed specifically for this purpose.
142,14,multiple_choice,exercise,139,What is the older command for switching branches?,checkout|branch|reset,0,,,"Before Git introduced dedicated commands like `switch`, you had to use `git checkout` to switch branches or restore files, making it the older utility."
143,14,true_false,preview,144,`-c` creates and switches branches at once.,,true,,,"The `-c` flag tells Git to create the branch *and* immediately switch your working directory to it, saving you a second command."
144,14,code_fill,main,,Complete: create and switch to feature.,git switch ___ feature|-c,,,,You need to include the `-c` flag right after `switch` so Git knows you want to create a new branch named 'feature' immediately and move to it.
145,14,true_false,exercise,144,git switch `-c` both creates and switches in one step.,,true,,,"That is correct; the `-c` flag handles the entire process, creating the branch and moving you to it in a single command."
146,14,select_blank,exercise,144,`git checkout` ___ works the same as switch `-c`.,`-b`|`-c`|`-n`,0,,,"The correct option, `-b`, tells git to create a new branch and immediately check it out. This functionality is exactly what `git switch -c` does."
147,15,true_false,preview,148,`git merge` combines another branch into yours.,,true,,,This is correct; merging takes all the commits and history from the source branch and integrates them into your current working branch.
148,15,code_fill,main,,Complete: merge feature into your current branch.,git merge ___|feature,,,,"You need to specify the source branch name, so you run `git merge feature`. This tells Git exactly which set of changes you want to integrate into your current location."
149,15,true_false,exercise,148,`git merge` combines two branches into one history.,,true,,,"That's right; the entire point of merging is to combine two separate histories into one cohesive timeline, resulting in a merge commit."
150,15,select_blank,exercise,148,`git ___` <branch> brings its commits into yours.,merge|branch|switch,0,,,
151,15,multiple_choice,exercise,148,Which branch do you merge into?,Current one|Feature one|Remote one,0,,,"You always perform a merge *into* your current branch, as that is the target location where all incoming changes will be applied."
152,15,true_false,preview,153,Fast-forward merge happens when nothing has diverged.,,true,,,"That's correct; a fast-forward merge only happens when the history of one branch hasn't diverged from the other, so no complex merging logic is needed."
153,15,multiple_choice,main,,When does Git do a fast-forward merge?,No divergence|Both diverged|Files conflict,0,,,"A fast-forward merge occurs when one branch is simply ahead of the other and their histories haven't branched apart yet. If they have diverged, a full merge commit is required."
154,15,true_false,exercise,153,A fast-forward merge creates a new merge commit.,,false,,,It just moves the pointer forward since there is nothing to combine.
155,15,select_blank,exercise,153,A ___ merge just moves your pointer forward.,fast-forward|three-way|rebase,0,,,"A fast-forward merge doesn't require combining changes; it just moves the target branch's pointer forward to match the source, keeping history linear and avoiding a dedicated merge commit."
156,15,multiple_choice,exercise,153,What does a fast-forward merge require?,No divergence|A conflict|A tag,0,,,"If your branch has commits the other doesn't, Git can't just move the pointer — it needs a real merge commit instead."
157,15,true_false,preview,158,A three-way merge commit has two parents.,,true,,,That is correct. A standard merge commit must record two parents because it is explicitly combining changes from two separate lines of development.
158,15,multiple_choice,main,,How many parents does a three-way merge commit have?,Two|One|Zero,0,,,"A merge commit always has at least two parents—the tips of the branches being merged. Since a three-way merge is just a specific type of merge, it retains those two parent pointers."
159,15,true_false,exercise,158,A three-way merge happens when both branches diverged.,,true,,,Exactly; a three-way merge requires finding the common ancestor point where the two lines of development split off.
160,15,select_blank,exercise,158,A merge commit has two ___.,parents|branches|tags,0,,,"Merge commits are defined by having multiple parent pointers, which track the history of the converging branches."
161,15,multiple_choice,exercise,158,What does a three-way merge combine?,Both histories|One history|No history,0,,,"It's designed to integrate changes from two separate, diverging lines of development back into a single cohesive history."
162,16,true_false,preview,163,A merge conflict means both branches changed one line.,,true,,,"Yes, a conflict occurs when Git cannot automatically determine which change to keep because two different branches modified the exact same lines of code."
163,16,multiple_choice,main,,What causes a merge conflict?,Same lines|A typo|New file,0,,,A conflict only occurs when Git finds that two separate branches modified the exact same lines of code differently. A typo or adding a new file won't trigger this specific type of merge conflict.
164,16,true_false,exercise,163,Git resolves every merge conflict automatically.,,false,,,"Conflicting lines need a human decision, so Git pauses and asks you to fix them."
165,16,select_blank,exercise,163,Git marks conflicts with <<<<<<< and ___.,>>>>>>>|-------|???????,0,,,"The markers use `<<<<<<<` to show your local changes, and they use `>>>>>>>` to mark the end of the incoming changes from the other branch. This structure helps you see exactly where the code diverged."
166,16,multiple_choice,exercise,163,"After fixing a conflict, what do you do next?","Add, commit|Just push|Restart merge",0,,,Staging the resolved file and committing it is what tells Git the conflict is settled.
167,17,true_false,preview,168,`git rebase` replays your commits on another branch.,,true,,,That's right; rebase is powerful because it takes all of your commits and reapplies them one by one onto a new base branch. This effectively rewrites history to make it look like you started from that other point.
168,17,code_fill,main,,Complete: replay your commits on top of main.,git rebase ___|main,,,,"To replay your changes on top of main, you run `git rebase main` while checked out on your feature branch. You are telling Git to take all commits from your current branch and place them sequentially after the latest commit in main."
169,17,true_false,exercise,168,Rebasing creates a merge commit like `git merge` does.,,false,,,It replays your commits one by one for a straight line of history instead.
170,17,select_blank,exercise,168,`git ___` replays commits on top of another branch.,rebase|merge|revert,0,,,"Rebase literally replays your commits one by one on top of the target branch, making it look like they were always there. Merge combines histories using a special commit, while revert simply undoes changes."
171,17,multiple_choice,exercise,168,What kind of history does rebasing produce?,Straight line|Merge commit|No history,0,,,"Since rebase reapplies your commits sequentially onto the new base, it creates a perfectly clean and linear history. A merge commit is what introduces the non-linear 'forked' look."
172,18,true_false,preview,173,`git rebase -i` lets you edit past commits.,,true,,,"That's correct; interactive rebase is specifically designed for rewriting history, which includes editing or amending past commits. This power requires caution, though!"
173,18,multiple_choice,main,,What does `git rebase -i` let you do?,Edit commits|Delete branch|Push files,0,,,"The `-i` flag opens up a powerful interface that lets you rewrite and polish your commit history by squashing, dropping, or amending old changes."
174,18,true_false,exercise,173,Interactive rebase can combine several commits into one.,,true,,,"Yes, that's exactly what it does; you use `git rebase -i` to pick and choose which commits get combined or edited before they are finalized."
175,18,select_blank,exercise,173,`git rebase` ___ opens the interactive commit list.,`-i`|`-a`|`-x`,0,,,You need the `-i` flag (for interactive) because it tells Git to open the special editor that lets you review and manipulate the commit history list.
176,18,multiple_choice,exercise,173,Combining several commits into one is called what?,Squashing|Rebasing|Merging,0,,,"While rebasing involves rewriting history, the specific action of combining multiple commits into a single unit is called squashing."
177,19,true_false,preview,178,A Git remote is a linked repository.,,true,,,Correct; think of it as a pointer to another repository (like on GitHub) that allows you to push and pull changes between machines.
178,19,multiple_choice,main,,What is a remote in Git?,Linked repo|A branch|A commit,0,,,"A remote refers to an external repository location, essentially a linked copy that allows you to collaborate with others over networks."
179,19,true_false,exercise,178,The default remote name is origin.,,true,,,
180,19,select_blank,exercise,178,Git names the default remote ___.,origin|source|main,0,,,
181,19,multiple_choice,exercise,178,Where does a remote usually live?,A server|Your disk|A commit,0,,,
182,20,true_false,preview,183,`git push` sends local commits to a remote.,,true,,,
183,20,multiple_choice,main,,Which command sends your commits to a remote?,`git push`|`git pull`|`git fetch`,0,,,
184,20,true_false,exercise,183,`git pull` brings remote commits into your branch.,,true,,,
185,20,select_blank,exercise,183,`git ___` sends your local commits to the remote.,push|pull|clone,0,,,You use `git push` when you want to send your completed local commits up to the shared remote server. Git pull is used for downloading changes from others.
186,20,multiple_choice,exercise,183,What does `git pull` do after downloading?,Merges in|Deletes it|Ignores it,0,,,"Git pull first downloads the remote changes, and then it automatically attempts to merge those new commits into your current local branch."
187,21,true_false,preview,188,`git fetch` downloads commits without changing your branch.,,true,,,That's right; fetch only downloads information about what others have done without affecting your current local code or pointer.
188,21,multiple_choice,main,,What does `git fetch` do to your branch?,Nothing|Merges it|Deletes it,0,,,Git fetch simply downloads data into your repository without making any changes or updating your actual working branch pointer.
189,21,true_false,exercise,188,`git pull` automatically merges after downloading.,,true,,,"Yes, that's exactly what it does; 'pull' is a convenient shortcut that combines downloading (fetching) and integrating those changes (merging)."
190,21,select_blank,exercise,188,`git ___` downloads without touching your branch.,fetch|pull|push,0,,,"Fetch is designed to download all remote changes and store them locally without applying or merging anything, keeping your current branch safe. Pull, on the other hand, performs both the fetch and the merge automatically."
191,21,multiple_choice,exercise,188,"Which is the safer, quieter option: fetch or pull?",fetch|pull|Neither,0,,,"Fetch is safer because it only downloads data into your repository's remote tracking branches, leaving your working local branches completely untouched. Pull combines fetching with merging, which can sometimes introduce unexpected changes or conflicts."
192,22,true_false,preview,193,A tracking branch remembers its matching remote branch.,,true,,,That's exactly what a tracking branch does; it establishes a permanent link to its counterpart on a remote repository. This linkage is key because it allows Git to manage synchronization automatically.
193,22,multiple_choice,main,,What does a tracking branch remember?,Remote match|Its color|Its author,0,,,"A tracking branch's main job is maintaining awareness of its corresponding remote branch, which dictates where it should look for updates. It has nothing to do with the color or author of the code."
194,22,true_false,exercise,193,A tracking branch lets push/pull skip naming the remote.,,true,,,"Since a tracking branch already knows exactly which remote and branch it belongs to, Git automatically uses that information when you run pull or push. You don't need to specify the destination every time."
195,22,select_blank,exercise,193,A ___ branch is linked to one remote branch.,tracking|local|orphan,0,,,"A tracking branch is specifically designed to monitor and sync with one particular remote branch, giving you clear visibility into where your local code stands relative to the server."
196,22,multiple_choice,exercise,193,Why is a tracking branch useful?,Saves typing|Adds colors|Deletes commits,0,,,"It saves typing because a tracking branch automatically knows which remote repository it corresponds to, so you don't have to specify that name every time you pull or push."
197,23,true_false,preview,198,A fork is your own copy of a repo.,,true,,,"That is correct; a fork creates an entirely separate, personal copy of someone else's repository under your own account for independent work."
198,23,multiple_choice,main,,What is a GitHub fork?,Your copy|Branch name|A commit,0,,,"A GitHub fork is an independent, full replica of the entire repository that lives under your user profile, which is different from simply creating a branch within the original repo. It is a mechanism for proposing changes to a project's main codebase."
199,23,true_false,exercise,198,A pull request asks to merge your changes.,,true,,,"That's right; it’s the formal process you use to propose that your work from one branch should be reviewed and integrated into another, like merging into main."
200,23,select_blank,exercise,198,A ___ is your hosted copy of a repo.,fork|clone|branch,0,,,"A fork creates your own independent copy of a repository under your account, allowing you to experiment without affecting the original."
201,23,multiple_choice,exercise,198,What does a pull request let a maintainer do?,Review changes|Delete fork|Rename repo,0,,,Pull requests are designed specifically for maintainers to review proposed changes from contributors before they are merged into the main codebase.
202,24,true_false,preview,203,"Small, focused commits are easier to review.",,true,,,"Yes, small commits that address one specific change make it much easier for others to understand and approve your work."
203,24,multiple_choice,main,,What makes a commit easy to review?,"Small, focused|Huge, mixed|No message",0,,,"Small, focused changes are ideal because reviewers can quickly grasp the purpose of the commit without getting lost in unrelated code modifications."
204,24,true_false,exercise,203,One giant commit mixing several changes is easy to review.,,false,,,"Reviewers have to untangle unrelated changes, which slows everything down."
205,24,select_blank,exercise,203,Keep each commit ___ and small.,focused|random|huge,0,,,"Commits should be focused so that each one represents a single, logical change or feature addition."
206,24,multiple_choice,exercise,203,Why write an honest commit message?,Helps reviewers|Looks fancy|Speeds pushes,0,,,"Writing honest commit messages provides context for reviewers, allowing them to understand the 'why' behind a change rather than just the 'what.' This makes code review much faster and more effective."
207,25,true_false,preview,208,Trunk-based development merges tiny changes constantly.,,true,,,"That’s right; trunk-based development is defined by integrating small changes into the main branch continuously. This prevents large, painful merges later on."
208,25,multiple_choice,main,,Which strategy merges tiny changes into main constantly?,Trunk-based|Git Flow|Forking,0,,,Trunk-based development is the strategy that requires developers to merge tiny changes into the main line constantly. Git Flow and Forking are much more structured or isolated in their merging practices.
209,25,true_false,exercise,208,Git Flow uses long-lived branches for scheduled releases.,,true,,,"That’s correct; Git Flow relies on dedicated, long-lived branches for releases, which is its defining characteristic compared to continuous integration models."
210,25,select_blank,exercise,208,A ___ branch isolates one change at a time.,feature|trunk|release,0,,,A feature branch is specifically designed to isolate a single piece of work so that it doesn't break the main codebase while you are developing it.
211,25,multiple_choice,exercise,208,What is a feature branch used for?,One change|Every release|Nothing,0,,,A feature branch is used to isolate a single change or new function so you can develop it without risking the stability of your main codebase.
212,26,true_false,preview,213,A .gitignore file excludes files from tracking.,,true,,,
213,26,multiple_choice,main,,What does a .gitignore file do?,Excludes files|Deletes files|Encrypts files,0,,,
214,26,true_false,exercise,213,"Secrets belong in .gitignore, not in a commit.",,true,,,"If you commit secrets, they are permanently recorded in Git's history, making them impossible to truly delete. They must be listed in .gitignore instead."
215,26,select_blank,exercise,213,Git reads ignore patterns from ___.,.gitignore|.gitconfig|README,0,,,"The specific file that tells Git which files or patterns to ignore is always named .gitignore, keeping your repository clean and focused on source code."
216,26,multiple_choice,exercise,213,What is a common thing to ignore?,Build output|Source code|Commit history,0,,,Build output (like compiled binaries) should be ignored because they are generated every time you compile the project and aren't part of the actual source code that needs version control.
217,27,true_false,preview,218,git clean `-f` deletes only untracked files.,,true,,,"That is correct; git clean only targets untracked files, which means it won't touch any files Git is already managing or tracking."
218,27,multiple_choice,main,,What does git clean `-f` delete?,Untracked files|Tracked files|Commits,0,,,"The `-f` flag stands for force, which is necessary because `git clean` defaults to being safe and won't delete anything unless you explicitly force it. It specifically targets untracked files in your working directory."
219,27,true_false,exercise,218,git clean `-n` previews without deleting anything.,,true,,,That's correct; the `-n` flag (or `--dry-run`) is exactly what you need to see which files *would* be deleted without actually removing them from your disk.
220,27,select_blank,exercise,218,git clean ___ previews what would be deleted.,`-n`|`-f`|`-a`,0,,,"You need `-n` because it tells Git to run a dry run, showing you the list of potential deletions without making any actual changes. Using `-f` would force the deletion immediately."
221,27,multiple_choice,exercise,218,Does git clean touch tracked files?,No|Yes|Sometimes,0,,,"No, `git clean` is designed only for untracked files; it will never touch or delete anything that Git already knows about and tracks in your repository."
222,28,true_false,preview,223,`git log -S` finds commits touching that text.,,true,,,"Yes, `-S` stands for 'pickaxe' mode, meaning it searches the commit history specifically by looking at changes to content (the diff), rather than just checking if a file was modified."
223,28,code_fill,main,,Complete: find commits mentioning TODO.,git log ___TODO|-S,,,,"To search for text within commit messages specifically, you need to use the `--grep` flag; simply appending the text won't filter by message content."
224,28,true_false,exercise,223,`git log -S` finds commits that added or removed text.,,true,,,"This is correct because the `-S` flag filters commits based on whether they changed the actual content of a specific string, not just if that string was mentioned in the commit message."
225,28,select_blank,exercise,223,`git log` ___<text> searches commit changes for it.,`-S`|`-B`|`-Z`,0,,,"You must use `-S` because it performs a content-sensitive search, meaning it only shows commits where the specified text was actually added or removed from the file contents."
226,28,multiple_choice,exercise,223,Why use `git log -S` instead of scrolling?,Fast search|Random guess|It deletes,0,,,"Using `git log -S` allows you to instantly filter through potentially hundreds of commits, giving you a precise and fast view without manually scrolling."
227,29,true_false,preview,228,git blame shows the last commit per line.,,true,,,That's right; it analyzes every single line in a file and tells you exactly which commit introduced that specific piece of code.
228,29,multiple_choice,main,,What does git blame show per line?,Last commit|File size|Branch name,0,,,It shows the SHA of the commit that last modified that specific line of code. This is useful for understanding history and is distinct from general metrics like file size or branch name.
229,29,true_false,exercise,228,"git blame is meant to find context, not to accuse.",,true,,,"That's right; while the name sounds accusatory, it is really just a historical tool designed to help you understand context by showing where lines originated."
230,29,select_blank,exercise,228,`git ___` <file> shows who last touched each line.,blame|log|diff,0,,,"You need `git blame` because it is specifically designed to map out the authorship and commit details for every single line in a given file. Log gives summaries, while diff compares versions."
231,29,multiple_choice,exercise,228,What does git blame operate on?,Each line|Whole repo|A remote,0,,,It operates at the most granular level by analyzing each individual line of code to determine its history and origin within the repository.
232,30,true_false,preview,233,git bisect helps find the commit that broke something.,,true,,,That's exactly what it does; `bisect` uses a binary search process across your commit history to quickly narrow down the exact commit that introduced a bug.
233,30,multiple_choice,main,,What does git bisect find?,Broken commit|A branch|A remote,0,,,"Git bisect uses a binary search approach to efficiently narrow down the exact commit that introduced a bug, rather than just finding a branch or remote location."
234,30,true_false,exercise,233,git bisect needs a known-good and known-bad commit.,,true,,,"Yes, you must tell `git bisect` where to start by providing at least one known-good and one known-bad commit so it has a range to search within."
235,30,select_blank,exercise,233,`git ___` narrows down the exact broken commit.,bisect|blame|clean,0,,,"Bisect is specifically designed to perform a binary search through history, pinpointing the exact commit that caused an issue; blame only tells you who wrote a specific line of code."
236,30,multiple_choice,exercise,233,How does git bisect narrow the search?,Tests middle|Tests randomly|Tests all,0,,,Testing the midpoint between a known-good and known-bad commit halves the search space each time.
237,31,true_false,preview,238,`git tag` marks a commit with a name.,,true,,,"That's correct; tags are essentially permanent, human-readable labels that you attach to specific commits, usually marking releases or milestones."
238,31,code_fill,main,,Complete: tag the current commit as v2.0.,git tag ___|v2.0,,,,"To tag your current commit, you simply need to follow `git tag` with the desired version name, like v2.0."
239,31,true_false,exercise,238,A tag marks one specific commit permanently.,,true,,,That's correct; a tag is an immutable pointer that permanently marks one specific commit in your repository's history.
240,31,select_blank,exercise,238,`git ___` <name> marks a commit as a release.,tag|branch|mark,0,,,"You need to use `git tag` because it creates a permanent, labeled reference point for a commit, which is exactly what you want when marking a release."
241,31,multiple_choice,exercise,238,What is a tag typically used for?,A release|Daily backup|Typo fix,0,,,"Tags are specifically designed to mark significant milestones in your project's history, making them the standard way to label official releases."
242,32,true_false,preview,243,`git stash` sets aside your uncommitted changes.,,true,,,Exactly. `git stash` is perfect for temporarily saving uncommitted work so you can switch contexts without having to commit incomplete changes first.
243,32,multiple_choice,main,,What does `git stash` do?,Sets aside|Deletes changes|Commits changes,0,,,"Git stash takes your uncommitted changes and shelves them temporarily so you can switch branches cleanly. It simply sets the work aside for later use, rather than deleting it or forcing a commit."
244,32,true_false,exercise,243,`git stash` pop brings your stashed changes back.,,true,,,That's right; `git stash pop` restores your most recent set-aside changes and removes that entry from the stash list simultaneously.
245,32,select_blank,exercise,243,`git stash` ___ restores your set-aside changes.,pop|drop|list,0,,,You use `git stash pop` because it not only restores your saved work but also automatically cleans up by removing that entry from the stash stack afterward.
246,32,multiple_choice,exercise,243,Why stash before switching branches?,Clean directory|Faster push|Smaller repo,0,,,Git blocks a branch switch when uncommitted changes would conflict with the branch you're moving to.
247,33,true_false,preview,248,git cherry-pick copies just one commit.,,true,,,"That's correct; `git cherry-pick` is specifically designed to take a single, isolated commit from one branch and apply it onto your current location without bringing over its entire history."
248,33,select_blank,main,,`git ___` <commit> copies just one commit.,cherry-pick|merge|rebase,0,,,"Cherry-pick is specifically designed to take a single commit from one branch and apply it to your current location. Merging combines entire branches, while rebasing rewrites history by moving commits sequentially."
249,33,true_false,exercise,248,"Cherry-picking brings the whole branch, not just one commit.",,false,,,"It copies only the one commit you name, nothing else from that branch."
250,33,multiple_choice,exercise,248,One bugfix commit lives elsewhere. Which command?,`cherry-pick`|`merge`|`rebase`,0,,,`git cherry-pick` copies a single commit onto your branch.
251,33,multiple_choice,exercise,248,How many commits does cherry-pick copy?,One|All commits|Zero,0,,,"By definition, cherry-pick only copies the changes from a single specified commit. It is designed for surgical precision and will not copy an entire history of commits."
252,34,true_false,preview,253,force-with-lease is safer than plain force push.,,true,,,"It is safer because force-with-lease checks if the remote branch has received any updates since you last pulled, preventing you from accidentally overwriting someone else's work. Plain force push will overwrite regardless of what happened in the meantime."
253,34,multiple_choice,main,,Which force-push option is safer?,`--force-with-lease`|`--force`|Neither,0,,,"Using `--force-with-lease` is safer because it verifies that the remote branch hasn't been updated by anyone else since your local copy was last synchronized, preventing you from accidentally deleting their work."
254,34,true_false,exercise,253,You should rewrite commits others already pulled.,,false,,,"It breaks their local history, so only rewrite commits nobody else has yet."
255,34,select_blank,exercise,253,`git push` `--force-with-___` is the safer option.,lease|hard|all,0,,,"Using `--force-with-lease` is safer because it checks if the remote branch has been updated by someone else since you last fetched, preventing you from accidentally overwriting their work."
256,34,multiple_choice,exercise,253,What does `--force-with-lease` check first?,No pushes|Disk space|Username,0,,,"It checks nobody else has pushed to the branch since you last fetched, refusing to overwrite their work."
257,35,true_false,preview,258,git reflog records everywhere your branches pointed.,,true,,,"That's right; the reflog is a comprehensive record that tracks where your local repository's pointers have been moved over time, regardless of which branch you are currently on."
258,35,multiple_choice,main,,What does git reflog record?,Branch history|File contents|Remote names,0,,,It records the movement of your local pointers—essentially a detailed log of every time your branch heads or HEAD itself has been moved or reset.
259,35,true_false,exercise,258,The reflog can help recover a commit lost by reset.,,true,,,"Absolutely; even if a commit is removed from your branch history via a hard reset, the reflog keeps a record of that pointer, making it recoverable."
260,35,select_blank,exercise,258,`git ___` shows where your branches used to point.,reflog|log|status,0,,,"You need git reflog because it is specifically designed to track every historical movement of your local pointers, showing where branches have been since they were created or moved."
261,35,multiple_choice,exercise,258,Why is the reflog called a safety net?,Helps recovery|Prevents commits|Deletes history,0,,,"The reflog tracks every change to your references, essentially creating an audit trail that lets you recover from accidental resets or bad commits."
262,36,true_false,preview,263,Most everyday Git mistakes have simple fixes.,,true,,,"Yes, Git is designed with powerful safety mechanisms and simple commands to undo most common mistakes without losing data."
263,36,select_blank,main,,"Most everyday Git mistakes have calm, known ___.",fixes|surprises|dangers|myths,0,,,"Most everyday Git mistakes have calm, known fixes, meaning you don't need to panic when something goes wrong."
264,36,multiple_choice,exercise,263,Wrong-branch commits are what kind of problem?,"Common, fixable|Unfixable|Rare",0,,,Wrong-branch commits are very common and usually easy to fix using commands like `git reset` or `git cherry-pick`.
265,36,select_blank,exercise,263,A bad commit message is a ___ mistake.,common|fatal|rare,0,,,"A bad commit message is a common mistake because it's often overlooked, even though it can make collaboration difficult."
266,36,true_false,exercise,263,Forgetting a file in a commit means starting over.,,false,,,You can add the file and amend the commit instead of starting over.
267,37,true_false,preview,268,A submodule locks in one exact commit.,,true,,,"Yes, that's the whole point; when you add a submodule, it locks your parent repository to reference one specific commit from the sub-repository."
268,37,multiple_choice,main,,What does a submodule track in the parent repo?,One commit|Every commit|Nothing,0,,,"It only tracks the specific commit hash of the submodule, not every single commit it has ever made. This keeps the parent repo lightweight and stable."
269,37,true_false,exercise,268,A submodule is a whole separate repository inside another.,,true,,,That's correct; think of it like linking to a separate Git repository that lives inside your main project structure.
270,37,select_blank,exercise,268,A ___ embeds one repo inside another.,submodule|branch|tag,0,,,"A submodule is designed specifically to embed one entire, external repository into another existing one."
271,37,multiple_choice,exercise,268,Why is a submodule trickier than a normal folder?,Own history|No history|Extra colors,0,,,"Because the submodule has its own complete history and needs to be managed as a separate Git entity, it's much more complex than just adding a regular folder."
272,38,true_false,preview,273,Git LFS replaces big files with a pointer.,,true,,,"Yes, that's exactly how it works; instead of storing the huge binary data in Git history, LFS commits only store a tiny pointer to where the actual file lives."
273,38,multiple_choice,main,,What does Git LFS replace a large file with?,Small pointer|A copy|Nothing,0,,,"It replaces the actual content with a small text file that acts as a reference or pointer, telling Git where to find the large object later on without bloating the repository."
274,38,true_false,exercise,273,Git normally struggles with huge binary files.,,true,,,"Because Git is optimized for tracking source code changes, committing massive binaries bloats the repository history and slows down operations significantly."
275,38,select_blank,exercise,273,Git ___ keeps large files out of normal history.,LFS|Flow|Bisect,0,,,"Git LFS was built specifically to manage and track large binary assets, keeping them out of the main repository history where they would cause unnecessary bloat."
276,38,multiple_choice,exercise,273,What kind of file is a good LFS candidate?,Video file|A README|A .gitignore,0,,,"Any large, non-textual asset like videos or datasets are perfect candidates because they are big and shouldn't be tracked as plain code changes."
277,39,true_false,preview,278,A Git blob stores a file's contents.,,true,,,"Yes, a blob is simply a pointer to the raw binary data of a file; it doesn't care about filenames or directory structure."
278,39,multiple_choice,main,,In Git's object model what does a blob store?,File contents|Folder names|Commit messages,0,,,A blob stores the actual content of a file—the raw data payload—while tree objects are responsible for organizing that content into directories.
279,39,true_false,exercise,278,A tree object holds folder structure.,,true,,,"That's correct; a tree object maps names to other objects (like blobs or sub-trees), effectively defining the directory layout."
280,39,select_blank,exercise,278,A commit points at a tree plus its ___.,parent|remote|tag,0,,,"A commit needs to know what came before it, so it always points to one or more parent commits in addition to the root tree."
281,39,multiple_choice,exercise,278,Which object stores a file's actual content?,A blob|A tree|A commit,0,,,"Only the blob object stores the raw data payload; trees organize files into directories, and commits record snapshots over time."
282,14,multiple_choice,exercise,144,How many commands does git switch `-c` use?,One|Two|Three,0,,,"It uses only one command because the `-c` flag tells git to create a new branch and simultaneously move you to it, combining two actions into one step."
283,3,select_blank,main,,`git init` creates a hidden ___ folder.,.git|.repo|.init|.history,0,,,"It creates a hidden folder named .git; this is where Git stores all its metadata, configuration, and object database for tracking changes."
284,3,true_false,preview,283,`git init` creates a hidden .git folder.,,true,,,True. The primary function of `git init` is to create the necessary hidden .git directory structure that defines the current folder as a repository.
285,3,select_blank,main,,`git init` leaves your existing files ___.,untouched|deleted|renamed|hidden,0,,,It leaves your existing files untouched; Git simply starts monitoring them without deleting or altering anything initially.
286,3,true_false,preview,285,`git init` never touches your existing files.,,true,,,This is true because `git init` simply sets up the internal tracking system; it doesn't modify or delete any of your actual project files in the current directory.
287,3,true_false,exercise,283,The .git folder is hidden by default.,,true,,,"Yes, the entire repository history and configuration are stored inside this directory, which most operating systems automatically treat as hidden files."
288,3,multiple_choice,exercise,283,What does `git init` create?,.git folder|New file|New branch,0,,,"It creates the hidden `.git` folder, which is where Git stores all its internal tracking information, history, and configuration files for the repository."
289,3,select_blank,exercise,285,`git init` is ___ on an existing project.,safe|risky|forbidden,0,,,"It is safe to run; while it creates the `.git` folder, it doesn't alter or delete any of your actual project source code or working files."
290,3,true_false,exercise,21,`git init` works inside an existing folder.,,true,,,You run it in the folder you want to turn into a repository.
291,3,select_blank,exercise,21,`git ___` starts a new repository.,init|clone|add|log,0,,,"You use `git init` when you want Git to start tracking a brand new project in your current folder, creating the necessary repository files."
292,16,order,exercise,163,Order how you resolve a merge conflict.,Edit the conflicted file|git add|git commit,,,,"You must first manually edit the conflicted file, removing all conflict markers and leaving only the correct code. After resolving it, use `git add` to stage your clean version, and finally, commit the merge using `git commit`."
293,30,order,exercise,233,Order a git bisect session.,git bisect start|git bisect bad|git bisect good,,,,"You must first run git bisect start to initiate the process, followed by defining your initial known-bad and known-good commits to establish the search boundaries."
294,32,order,exercise,243,Order a stash-and-switch-back workflow.,git stash|Handle the urgent task|git stash pop,,,,"The correct order is: first, you `git stash` to save your current changes; next, you switch branches and handle the task; finally, you use `git stash pop` to reapply those saved changes."
295,17,order,exercise,168,Order replaying your branch on top of main.,git switch feature|git rebase main,,,,"First, switch to your feature branch (`git switch feature`), and then run `git rebase main` from there to replay those commits cleanly on top of the latest changes in main."
296,5,select_blank,exercise,54,`git status` also shows the current ___.,branch|password|editor,0,,,`git status` starts by naming the branch you are on.
297,11,select_blank,exercise,114,`git revert` creates a new ___.,commit|branch|remote,0,,,"Revert adds a commit that undoes an earlier one, keeping history intact."
298,12,multiple_choice,exercise,119,Which reset mode discards file edits?,`--hard`|`--soft`|`--mixed`,0,,,`--hard` resets the files too; `--soft` and `--mixed` keep your edits.
299,18,true_false,exercise,173,Interactive rebase can reorder commits.,,true,,,In the `-i` list you can move commit lines to change their order.
300,1,true_false,preview,301,A remote is a copy of your repository elsewhere.,,true,,,It usually lives on a server such as GitHub.
301,1,multiple_choice,main,,Where does a remote usually live?,A server|Your desk|Local disk,0,,,"A remote is a version of your repository somewhere else, often on GitHub."
302,1,select_blank,exercise,301,You push commits to a ___.,remote|folder|editor,0,,,Pushing sends your commits to the remote.
303,1,true_false,exercise,301,You can pull commits from a remote.,,true,,,A remote works both ways: push to it and pull from it.
304,1,multiple_choice,exercise,301,Which is an example of a remote?,GitHub|Notepad|Terminal,0,,,GitHub hosts repositories that act as remotes.
305,40,true_false,preview,306,This recap revisits distributed.,,true,,,"Right: distributed means full history everywhere, and the cards that follow revisit it with other terms."
306,40,match_pairs,main,,Match each term to its meaning.,"distributed↔Full history everywhere|git config↔Sets Git settings|imperative mood↔Commands, not descriptions|git commit --amend↔Replace last commit",,,,Each term is paired with its plain-language meaning.
307,40,match_pairs,exercise,306,Pair every term with its gloss.,fast-forward merge↔Pointer just moves|three-way merge↔Both branches diverged|merge conflict↔Same lines changed|interactive rebase↔Edit commit list,,,,Each term is paired with its plain-language meaning.
308,40,match_pairs,exercise,306,Which meaning fits each term?,interactive rebase↔Edit commit list|squashing↔Combine commits|tracking branch↔Linked to remote|fork↔Your hosted copy,,,,Each term is paired with its plain-language meaning.
309,40,match_pairs,exercise,306,Connect the terms to what they mean.,pull request↔Ask to merge|trunk-based development↔Small frequent merges|Git Flow↔Release-branch strategy|git clean↔Deletes untracked files,,,,Each term is paired with its plain-language meaning.
310,40,match_pairs,exercise,306,Match the terms and meanings.,git clean↔Deletes untracked files|git log -S↔Search changed text|git blame↔Who changed lines|git bisect↔Binary-search for bug,,,,Each term is paired with its plain-language meaning.
311,40,match_pairs,exercise,306,Link every term to its idea.,git tag↔Names a commit|git stash↔Sets changes aside|git reflog↔Local movement log|submodule↔Repo inside repo,,,,Each term is paired with its plain-language meaning.
312,40,match_pairs,exercise,306,What does each term mean?,submodule↔Repo inside repo|Git LFS↔Large file storage|blob↔Stores file contents|tree object↔Stores folder structure,,,,Each term is paired with its plain-language meaning.
313,40,true_false,exercise,306,distributed means sets Git settings.,,false,,,No: distributed means full history everywhere.
