term,definition,link,introduced_by_card_id
Version control,"A system that keeps a history of every change made to a set of files, so you can see what changed, who changed it, when, and go back to any earlier version.",https://en.wikipedia.org/wiki/Version_control,1
distributed,"In Git, ""distributed"" means every single clone of a project holds the entire history, not just the latest files — so you can commit, browse history, and work fully offline, and there's no one machine whose loss wipes out the project.",https://en.wikipedia.org/wiki/Distributed_version_control,8
Repository,"A repository (or ""repo"") is a project's full folder of files plus its entire saved history of commits, all tracked together by Git.",https://git-scm.com/docs/gitglossary#def_repository,34
Working Directory,The actual files on your disk as you see and edit them right now — this is where you make changes before Git knows anything about them.,https://en.wikipedia.org/wiki/Working_directory,39
Staging Area,"A holding area where you place the specific changes you want in your next commit, using git add — it lets you build a commit out of only some of your edits rather than all of them at once.",https://git-scm.com/book/en/v2/Git-Basics-Recording-Changes-to-the-Repository,39
git config,"The command used to set Git's own settings — most importantly your name and email, which get attached to every commit you make. E.g. git config --global user.name ""Ada Lovelace"" tells Git whose name to record.",https://git-scm.com/docs/git-config,14
git init,"The command that turns an ordinary folder into a Git repository by creating a hidden .git folder inside it — it doesn't touch, delete, or rename any of your existing files.",https://git-scm.com/docs/git-init,21
git clone,"The command that downloads a full copy of a remote repository — including its entire commit history, not just a snapshot — onto your own machine.",https://git-scm.com/docs/git-clone,34
origin,"The name Git gives by default to the remote repository you cloned from or first connected to — it's just a nickname, not a special technical requirement.",https://git-scm.com/docs/gitglossary#def_origin,27
git add,"The command that moves a change from your Working Directory into the Staging Area, marking it as ready to be included in your next commit.",https://git-scm.com/docs/git-add,48
git status,"The command that reports which files are staged, which are changed but unstaged, and which are untracked — it only reports information and never modifies any of your files.",https://git-scm.com/docs/git-status,53
git commit,The command that permanently saves everything currently in the Staging Area as a new snapshot in the repository's history.,https://git-scm.com/docs/git-commit,64
imperative mood,"A commit-message writing style that reads like a command being given right now — e.g. ""Fix login bug"" instead of ""Fixed login bug"" or ""Fixing login bug.""",https://en.wikipedia.org/wiki/Imperative_mood,68
git log,"The command that lists your commit history, newest commit first, showing details like the author and date for each one.",https://git-scm.com/docs/git-log,54
git diff,"The command that shows your unstaged changes line by line, comparing your current files against your last commit.",https://git-scm.com/docs/git-diff,83
git restore,"The command used to undo changes — git restore file.txt discards unstaged edits back to the last commit, while git restore --staged file.txt unstages a file without touching your edits.",https://git-scm.com/docs/git-restore,93
git commit --amend,"A command that replaces your most recent commit instead of creating a new one — it can update the commit message, the staged changes, or both at once.",https://git-scm.com/docs/git-commit#Documentation/git-commit.txt---amend,103
git revert,"A command that undoes the changes from an earlier commit by creating a brand-new commit that reverses them — the original commit stays in history, which makes it safe to use even after pushing.",https://git-scm.com/docs/git-revert,108
git reset,"A command that moves your current branch's pointer to an earlier commit, effectively rewinding it — how it treats your uncommitted changes depends on the mode (--soft, --mixed, or --hard).",https://git-scm.com/docs/git-reset,114
branch,"A movable label that points at one specific commit — not a copy of your files. As you commit, the branch label automatically moves forward to point at your newest commit.",https://git-scm.com/book/en/v2/Git-Branching-Branches-in-a-Nutshell,8
git switch,"The modern command for moving onto a different existing branch, which also updates your working files to match that branch.",https://git-scm.com/docs/git-switch,138
checkout,"The older, more multi-purpose command that (among other things) can switch you onto a different branch — largely replaced today by the more focused git switch and git restore.",https://git-scm.com/docs/git-checkout,134
git merge,"The command that combines the commits from another branch into your current branch, creating a single unified history.",https://git-scm.com/docs/git-merge,147
fast-forward merge,"A merge where your current branch hasn't diverged from the branch being merged in, so Git can simply slide your branch pointer forward — no new merge commit is needed. E.g. you branched off main and only main's branch moved on with your new commits; merging back in is just catching main's pointer up to yours.",https://git-scm.com/book/en/v2/Git-Branching-Basic-Branching-and-Merging,152
three-way merge,"A merge that happens when both branches have new commits since they split apart, so Git combines both histories into one new commit with two parent commits. E.g. you and a teammate both added commits to your own branches since they diverged from main — merging needs a real combining commit, not just a pointer move.",https://en.wikipedia.org/wiki/Merge_(version_control),157
merge conflict,"What happens when two branches being merged changed the same lines of a file in different ways — Git can't guess which version you want, so it pauses and marks the conflicting spot in the file itself, wrapping both versions between <<<<<<< and >>>>>>> markers with a ======= line splitting them, for you to edit by hand into what the file should actually say.",https://git-scm.com/docs/git-merge#_how_conflicts_are_presented,162
git rebase,"A command that replays your branch's commits one by one on top of another branch's latest commit, producing a straight-line history instead of a merge commit.",https://git-scm.com/docs/git-rebase,167
interactive rebase,"Running git rebase with the -i flag, which opens an editable list of your recent commits so you can reorder, reword, or squash them together before they're replayed.",https://git-scm.com/docs/git-rebase#_interactive_mode,172
squashing,"Combining several separate commits into one single commit, usually done during an interactive rebase to tidy up messy history before sharing it.",https://git-scm.com/docs/git-rebase#_interactive_mode,173
remote,A version of your repository that lives somewhere else — usually on a server like GitHub — that your local repository can push commits to or pull commits from.,https://git-scm.com/docs/git-remote,8
git push,The command that uploads your local commits to a remote repository so others can see them.,https://git-scm.com/docs/git-push,182
git pull,The command that downloads new commits from a remote repository and immediately merges them into your current branch — it's really git fetch followed by git merge.,https://git-scm.com/docs/git-pull,183
git fetch,"The command that downloads new commits from a remote repository without touching your current branch at all — the safer, quieter alternative to git pull when you just want to look first.",https://git-scm.com/docs/git-fetch,183
tracking branch,"A local branch that's linked to a matching branch on a remote, so commands like git push and git pull know which remote branch to talk to without you naming it every time.",https://git-scm.com/book/en/v2/Git-Branching-Remote-Branches,192
fork,"Your own personal hosted copy of someone else's repository (typically on GitHub), which you can freely experiment on without affecting the original project.",https://docs.github.com/en/get-started/quickstart/fork-a-repo,197
pull request,A request you open on GitHub (or similar) asking a project's maintainer to review and merge changes from your branch or fork into their repository.,https://docs.github.com/en/pull-requests,198
trunk-based development,"A workflow where everyone merges small changes into the main branch constantly, rather than working for a long time on separate long-lived branches.",https://trunkbaseddevelopment.com/,207
Git Flow,"A branching strategy built around long-lived branches for scheduled releases, alongside separate feature and hotfix branches — heavier than trunk-based development but structured for planned release cycles.",https://nvie.com/posts/a-successful-git-branching-model/,208
feature branch,"A branch created to isolate the work for just one specific change or feature, kept separate from main until that work is ready to merge in.",https://en.wikipedia.org/wiki/Branching_(version_control),139
git clean,"A command that deletes untracked files (files Git isn't tracking at all) from your Working Directory — running it with -n first previews what would be deleted, and -f actually deletes it; it never touches tracked files.",https://git-scm.com/docs/git-clean,217
git log -S,"A flag on git log that searches your commit history for commits which added or removed a specific piece of text, instead of you having to scroll through everything by hand.",https://git-scm.com/docs/git-log,222
git blame,"A command that shows which commit (and who) last changed every single line of a file — meant for finding context on a change, not for pointing fingers.",https://git-scm.com/docs/git-blame,227
git bisect,A tool that helps you find the exact commit that introduced a bug by testing the midpoint between a known-good and known-bad commit and narrowing the search in half each time.,https://git-scm.com/docs/git-bisect,232
git tag,"A command that permanently marks one specific commit with a memorable name, most often used to mark release versions like v2.0.",https://git-scm.com/docs/git-tag,237
git stash,A command that temporarily sets aside your uncommitted changes so you get a clean Working Directory — useful when you need to switch branches but aren't ready to commit yet. git stash pop brings those changes back.,https://git-scm.com/docs/git-stash,242
cherry-pick,"A command that copies just one specific commit from another branch onto your current branch, without bringing along any of that branch's other commits.",https://git-scm.com/docs/git-cherry-pick,247
git reflog,"A local log recording everywhere your branches have pointed, even after commits become unreachable through commands like git reset — it acts as a safety net for recovering ""lost"" commits.",https://git-scm.com/docs/git-reflog,257
submodule,"A whole separate Git repository embedded inside another one, with the parent repo locking in one exact commit of it rather than tracking its ongoing history — e.g. pulling a shared UI-component library into your app's repo as a submodule instead of copy-pasting its files in.",https://git-scm.com/book/en/v2/Git-Tools-Submodules,267
Git LFS,"Short for Git Large File Storage — an extension that replaces large files (like videos) with small pointer files in your normal history, storing the actual heavy content separately so the repository stays fast.",https://git-lfs.com/,272
blob,"In Git's internal object model, the object type that stores a file's raw contents — it doesn't even store the filename, just the data.",https://git-scm.com/book/en/v2/Git-Internals-Git-Objects,277
tree object,"In Git's internal object model, the object type that stores a folder's structure — which files and subfolders it contains and what they're named.",https://git-scm.com/docs/gitglossary#def_tree_object,278
HEAD,"A pointer to the commit you currently have checked out, usually via the branch you are on.",https://git-scm.com/docs/gitglossary#def_HEAD,
.git,The hidden folder at the top of a repository that holds all of its history and settings.,https://git-scm.com/docs/gitrepository-layout,
SHA,Secure Hash Algorithm: the hash function Git uses to give each commit a unique ID.,https://en.wikipedia.org/wiki/Secure_Hash_Algorithms,
VCS,"Version control system: a tool that records changes to files over time, such as Git.",https://en.wikipedia.org/wiki/Version_control,
LFS,Git Large File Storage: an extension that keeps big files outside the normal repository history.,https://git-lfs.com/,
GitHub,A website that hosts Git repositories and adds code review and automation.,https://en.wikipedia.org/wiki/GitHub,
URL,Uniform resource locator: the web address of a page or a remote repository.,https://en.wikipedia.org/wiki/URL,
--staged,Makes `git diff` show only the changes already staged for the next commit.,https://git-scm.com/docs/git-diff,
--global,Makes `git config` apply a setting to every repository of the current user.,https://git-scm.com/docs/git-config,
--local,Makes `git config` apply a setting to the current repository only.,https://git-scm.com/docs/git-config,
user.name,The Git setting that holds the name recorded on your commits.,https://git-scm.com/docs/git-config,
user.email,The Git setting that holds the email recorded on your commits.,https://git-scm.com/docs/git-config,
-m,"The flag that gives a commit its message on the command line, as in `git commit -m ""message""`.",https://git-scm.com/docs/git-commit,
-a,The flag that makes `git commit` stage every modified tracked file first.,https://git-scm.com/docs/git-commit,
--amend,"Replaces the most recent commit with a new one, so you can fix its message or contents.",https://git-scm.com/docs/git-commit,
--verbose,"Shows extra detail, such as the full diff inside the commit message editor.",https://git-scm.com/docs/git-commit,
--oneline,Makes `git log` print each commit on a single line.,https://git-scm.com/docs/git-log,
-n,Limits `git log` to the given number of most recent commits.,https://git-scm.com/docs/git-log,
-S,Makes `git log` list commits that add or remove the given text.,https://git-scm.com/docs/git-log,
--grep,Makes `git log` list commits whose message matches a pattern.,https://git-scm.com/docs/git-log,
--soft,"Makes `git reset` move the branch only, keeping your changes staged.",https://git-scm.com/docs/git-reset,
--mixed,"Makes `git reset` move the branch and unstage changes, keeping the files as they are.",https://git-scm.com/docs/git-reset,
--hard,"Makes `git reset` move the branch and also overwrite your files, discarding changes.",https://git-scm.com/docs/git-reset,
-c,Makes `git switch` create a new branch and switch to it.,https://git-scm.com/docs/git-switch,
-b,Makes `git checkout` create a new branch and switch to it.,https://git-scm.com/docs/git-checkout,
-i,"Makes `git rebase` open an interactive list of commits you can reorder, edit or squash.",https://git-scm.com/docs/git-rebase,
-f,"Forces the push, replacing the remote branch even if that discards commits.",https://git-scm.com/docs/git-push,
--force-with-lease,A safer force push that fails if someone else has pushed to the branch since you last fetched.,https://git-scm.com/docs/git-push,
--dry-run,Shows what a command would do without actually doing it.,https://git-scm.com/docs/git-push,
-v,"Shows more detail, such as the commit each branch points at.",https://git-scm.com/docs/git-branch,
--system,The git config flag that writes a setting for every user on the machine.,https://git-scm.com/docs/git-config#Documentation/git-config.txt---system,19
--all,"A flag that applies a command to every branch, ref or file instead of just the current one.",https://git-scm.com/docs/git-log#Documentation/git-log.txt---all,19
--stat,The git log and diff flag that summarises which files changed and by how many lines.,https://git-scm.com/docs/git-diff,81
--log,A git merge flag that adds one-line summaries of the merged commits to the merge message.,https://git-scm.com/docs/git-merge,91
--force,A flag that makes Git carry out a command even when it would normally refuse for safety.,https://git-scm.com/docs/git-push#Documentation/git-push.txt--f,96
--fix,Not a real option of git commit; the correct flag for changing the last commit is --amend.,https://git-scm.com/docs/git-commit#Documentation/git-commit.txt---amend,106
--redo,"Not a real option of git commit; it is a made-up flag, unlike the real --amend.",https://git-scm.com/docs/git-commit#Documentation/git-commit.txt---amend,106
-x,A flag that does not open the interactive commit list in git rebase; -i does that.,https://git-scm.com/docs/git-rebase#Documentation/git-rebase.txt---interactive,175
README,A file at the top of a project that explains what it is and how to use it.,https://en.wikipedia.org/wiki/README,215
-Z,Not the git log option for searching changes; the real pickaxe search flag is -S.,https://git-scm.com/docs/git-log,225
--force-with-___,"The safer git push option --force-with-lease, which refuses to overwrite work you have not seen.",https://git-scm.com/docs/git-push,255
Version-control,The hyphenated form of version control: a system that records every change to files over time.,https://en.wikipedia.org/wiki/Version_control,1
Repositories,Storage for a project's files together with their complete change history.,https://en.wikipedia.org/wiki/Repository_(version_control),34
branches,Lightweight movable pointers to commits that let you work on separate lines of development.,https://git-scm.com/book/en/v2/Git-Branching-Branches-in-a-Nutshell,8
tracking branches,Local branches that are linked to a remote branch so push and pull know where to go.,https://git-scm.com/book/en/v2/Git-Branching-Remote-Branches,192
forking,Copying someone else's repository to your own account so you can change it freely.,https://en.wikipedia.org/wiki/Fork_(software_development),197
blobs,Git objects that store the contents of a single file.,https://git-scm.com/book/en/v2/Git-Internals-Git-Objects,277
tree objects,Git objects that store a folder's structure by listing its files and subfolders.,https://git-scm.com/book/en/v2/Git-Internals-Git-Objects,278
